Date,Close/Last,Volume,Open,High,Low
05/10/2022,$93.5,4150803,$102.98,$106.06,$88
05/09/2022,$98.79,3316234,$110.78,$110.78,$98.08
05/06/2022,$114.7,1790408,$117.28,$120.56,$110.23
05/05/2022,$119.13,1753862,$123.94,$124.6784,$115.12
05/04/2022,$127.08,1662823,$119.21,$127.75,$115.72
05/03/2022,$120.43,1828171,$118.48,$124.4336,$114.42
05/02/2022,$119.57,2542986,$123.65,$125.39,$112.7
04/29/2022,$125.07,1285855,$127.3,$130.89,$123.01
04/28/2022,$129.31,1771223,$130.28,$132.6034,$120.5
04/27/2022,$129.84,1305874,$127.27,$132.68,$124.584
04/26/2022,$127.6,1545724,$135.64,$136.8,$126.1637
04/25/2022,$135.95,1534779,$135.41,$139.71,$133.2841
04/22/2022,$138.22,1569608,$142.55,$146.3,$135.55
04/21/2022,$141.56,1684367,$150,$153.12,$139.91
04/20/2022,$148.85,1162003,$152,$152.33,$146.65
04/19/2022,$152.47,2354169,$142.85,$152.98,$139.8595
04/18/2022,$141.46,2467781,$150,$151.24,$137.24
04/14/2022,$150.77,2500583,$149.27,$156.5,$147.22
04/13/2022,$150.7,2008225,$144.1,$152.13,$142.02
04/12/2022,$144.87,1999136,$146.5,$152.25,$141.665
04/11/2022,$146.93,2452979,$143.04,$148.22,$140.61
04/08/2022,$146.19,2592879,$149.09,$150.7106,$142.03
04/07/2022,$150,3827847,$154.11,$156.7,$141.57
04/06/2022,$156.64,4066958,$151.01,$159.2873,$149.7
04/05/2022,$153.59,3956316,$168,$168.43,$152
04/04/2022,$170.73,4640077,$166.98,$173.24,$156.51
04/01/2022,$165,13189560,$188.9,$189.7688,$155.26
03/31/2022,$166.58,11242230,$163.1,$175.745,$158.51
03/30/2022,$166.85,9169186,$175,$183.3369,$165
03/29/2022,$179.9,18011490,$188.24,$199.41,$163
03/28/2022,$189.59,16316520,$151.98,$190.84,$151.545
03/25/2022,$151.95,13383870,$140.04,$158.1599,$138.2
03/24/2022,$142.39,9100150,$134.015,$143.48,$126.76
03/23/2022,$141,24599840,$130,$150.9299,$126.55
03/22/2022,$123.14,15017230,$95.4,$125.79,$94.45
03/21/2022,$94.2,3953112,$90,$99.3992,$89.76
03/18/2022,$90.79,8922094,$79.74,$97.45,$78.9
03/17/2022,$87.7,3449120,$85.1,$89.58,$83.45
03/16/2022,$86.86,2653928,$85.11,$90.01,$82
03/15/2022,$82.64,3528798,$82.1,$87.56,$78.68
03/14/2022,$78.11,4533614,$93.43,$94.32,$77.58
03/11/2022,$92.69,2205538,$102.66,$102.9,$92.69
03/10/2022,$100.56,1395467,$103.92,$104.0572,$98.2512
03/09/2022,$105.21,1399597,$106.98,$108.86,$103.5
03/08/2022,$103.01,2134029,$101.03,$108.99,$97.0861
03/07/2022,$99.35,3147865,$115,$115,$96.1025
03/04/2022,$111.66,1480013,$118.01,$120.51,$110.5812
03/03/2022,$118.41,1095602,$122.96,$123.74,$117.23
03/02/2022,$121.97,1310650,$119.5,$122.67,$116.3714
03/01/2022,$119.02,1096021,$122.19,$125.87,$118.35
02/28/2022,$123.34,1614497,$121,$126.285,$116.89
02/25/2022,$118.58,1710255,$123.57,$124.97,$116.485
02/24/2022,$124.58,2256212,$105.53,$125.71,$104.12
02/23/2022,$114.87,1348252,$121.22,$123.355,$114.2801
02/22/2022,$118.06,1539113,$118.2,$123.33,$114.185
02/18/2022,$121.53,1553539,$124.2,$125.6496,$118.131
02/17/2022,$123.41,1564104,$126.77,$130.8479,$122.22
02/16/2022,$128.33,2001931,$124.43,$132.85,$123.92
02/15/2022,$126.16,1980089,$120.96,$127.2299,$119.26
02/14/2022,$117.09,2275676,$122.93,$125.5,$116.15
02/11/2022,$124.25,2824777,$122.48,$129.8668,$120.7706
02/10/2022,$122.47,3706537,$117.95,$131.78,$116
02/09/2022,$124.29,3866895,$114.09,$124.71,$113
02/08/2022,$115.6,4959906,$101.755,$117.6717,$100.55
02/07/2022,$102.34,1759360,$102.99,$105.3849,$98.77
02/04/2022,$102.34,1906791,$99.01,$104,$95.08
02/03/2022,$99.23,2677519,$101.5,$106.94,$97.71
02/02/2022,$100.04,3279135,$110.35,$111.8599,$98.06
02/01/2022,$112.6,3461877,$113.01,$116.65,$108.2649
01/31/2022,$108.93,3499273,$97.87,$109.8199,$97.86
01/28/2022,$97.91,4107567,$95.4,$98,$87.605
01/27/2022,$93.52,3669956,$104.14,$107,$92.8865
01/26/2022,$103.26,8332540,$101.1,$119,$100.31
01/25/2022,$99.79,3574255,$96.92,$104.9692,$95.01
01/24/2022,$100.15,6267749,$99.02,$102.86,$86.29
01/21/2022,$106.36,5530011,$101,$110.21,$92.72
01/20/2022,$102.67,2920074,$107.9,$115.2,$101.6
01/19/2022,$106.57,2403579,$110.01,$113.05,$104.41
01/18/2022,$108.91,3759403,$113.11,$113.75,$104.402
01/14/2022,$116.65,3850478,$120.15,$122.3,$112.02
01/13/2022,$122.48,2225270,$128.5,$130.5,$121.69
01/12/2022,$128.06,1574509,$130,$131.32,$126.45
01/11/2022,$130.3,2583055,$130.1,$136.8,$127.3901
01/10/2022,$131.15,5511981,$134.99,$135.69,$120
01/07/2022,$140.62,12137310,$159.77,$160.31,$132.5
01/06/2022,$131.03,6051480,$132.84,$137.7,$121.14
01/05/2022,$129.37,3396400,$148.39,$148.85,$129.1501
01/04/2022,$148.91,1834894,$152.17,$152.99,$143.05
01/03/2022,$152.84,1417001,$149.23,$159.38,$149.21
12/31/2021,$148.39,1393964,$153.62,$156.73,$148.1
12/30/2021,$155.33,1561882,$151,$160,$150
12/29/2021,$153.93,2037406,$147.85,$155.49,$142.14
12/28/2021,$146.46,1334472,$147.5,$157.41,$146.41
12/27/2021,$148.31,1615449,$152,$152.6211,$140
12/23/2021,$152.14,1055539,$154,$155,$146.02
12/22/2021,$154,1047154,$158.33,$159.1545,$152.12
12/21/2021,$158.12,1430238,$157.06,$160.25,$155.14
12/20/2021,$157.14,1828561,$153.19,$159.68,$149.7
12/17/2021,$155.64,4311620,$143.75,$158.5656,$139.331
12/16/2021,$144.59,2164762,$152.93,$154.44,$142.13
12/15/2021,$148.59,2765992,$147.46,$152,$141.12
12/14/2021,$147.69,6512133,$131,$150.3736,$129.5
12/13/2021,$136.88,5486201,$160.33,$160.89,$135.0701
12/10/2021,$159.01,4526860,$159.83,$162.3,$148
12/09/2021,$155.76,5084340,$167,$172.69,$151
12/08/2021,$173.65,2611195,$176.6,$180.2499,$171.96
12/07/2021,$177.81,1972395,$175.18,$181.98,$170.51
12/06/2021,$167.12,2228636,$166,$173.34,$163.2
12/03/2021,$172.39,4096688,$181,$183.93,$159.0501
12/02/2021,$181.56,2087100,$185,$187.43,$173.07
12/01/2021,$179.84,2355535,$199.4,$200.105,$177.01
11/30/2021,$196.21,1723949,$200.1,$203.9459,$188
11/29/2021,$202.01,1108844,$204,$207.91,$200.94
11/26/2021,$199.72,1235277,$208.08,$211.7299,$199.2
11/24/2021,$211.78,1309388,$217.25,$223.9899,$208
11/23/2021,$213.9,3351636,$243.84,$252.2,$212.5601
11/22/2021,$247.55,4379604,$230.46,$249.64,$229.745
11/19/2021,$228.8,3043720,$209.14,$229.39,$208.2524
11/18/2021,$210.12,1005775,$210.25,$215.1376,$207.5
11/17/2021,$210,1352714,$206.3,$217.7,$206
11/16/2021,$207.18,1214596,$209.02,$212.57,$203.625
11/15/2021,$209.14,1466424,$203.86,$211.5,$201.69
11/12/2021,$202.1,927991,$202.14,$205.36,$197.88
11/11/2021,$204.32,1079401,$200,$208.09,$198.1501
11/10/2021,$199.19,1309389,$202.12,$207.39,$196.5
11/09/2021,$206.6,1845298,$222,$223.4899,$204.44
11/08/2021,$218.64,2157912,$212.5,$225.04,$212.01
11/05/2021,$213.25,1810717,$220.64,$221,$209.01
11/04/2021,$217.84,2907976,$222,$228.97,$211.55
11/03/2021,$218.33,11265590,$214,$255.69,$208.2501
11/02/2021,$206.99,3882336,$199.35,$211.9381,$191.69
11/01/2021,$200.09,4944203,$182.53,$208.57,$182.05
10/29/2021,$183.51,2293970,$182.81,$185.75,$178
10/28/2021,$182.85,1696206,$175.16,$183.14,$175
10/27/2021,$173.51,1106998,$180,$183.09,$172.33
10/26/2021,$177.84,2176749,$173.36,$185,$172.5
10/25/2021,$173.97,1442806,$169.42,$174.8,$167.26
10/22/2021,$169.8,2800443,$178.1,$179.49,$167.8
10/21/2021,$181.71,2402368,$184.71,$190.6999,$180.6
10/20/2021,$184.52,2276903,$186.33,$188,$181.98
10/19/2021,$186.79,2070618,$188.99,$192.18,$184.4
10/18/2021,$186.02,1589648,$182.94,$189.87,$182.5453
10/15/2021,$183.28,1199977,$184,$186.98,$180.88
10/14/2021,$183.83,1676008,$183.76,$190.2,$182.6
10/13/2021,$184.06,1930239,$178.3,$188.21,$176
10/12/2021,$175.82,1233652,$180.5,$181.78,$173.8
10/11/2021,$178.1,2684855,$173,$188.49,$173
10/08/2021,$172.68,818207,$172.5,$175.72,$171.12
10/07/2021,$172.12,1159326,$172,$175.2,$170.5406
10/06/2021,$171.07,1200320,$170.06,$172.96,$165.81
10/05/2021,$172.18,1315854,$171.19,$173.1699,$166.7
10/04/2021,$171.36,1195738,$175.95,$176.95,$170.771
10/01/2021,$176.91,1551139,$179.4,$179.49,$172.25
09/30/2021,$175.47,3177453,$175,$185.4499,$166.79
09/29/2021,$175.92,1899933,$180.09,$184.48,$174.61
09/28/2021,$178.6,1770493,$188,$190.8099,$178
09/27/2021,$189.48,1470146,$185.92,$192.05,$185.87
09/24/2021,$185.16,1685759,$191,$191.7153,$184.11
09/23/2021,$191.24,1682259,$192.33,$195.75,$190.6
09/22/2021,$190.14,2256593,$189.64,$193.5,$186.29
09/21/2021,$189.95,2633827,$199.36,$199.36,$186
09/20/2021,$192.2,3941802,$200,$202.8499,$184.55
09/17/2021,$204.97,3950643,$208.02,$212.49,$200.78
09/16/2021,$206.37,3058217,$202.33,$216.55,$201.15
09/15/2021,$204.52,2310407,$197,$204.87,$193.751
09/14/2021,$199.24,2141631,$200.65,$204.62,$195
09/13/2021,$203.4,4334068,$193.75,$208.88,$191.5
09/10/2021,$190.41,3042648,$198.408,$202.16,$190
09/09/2021,$199.18,7511458,$180.085,$202,$178
09/08/2021,$198.8,5173566,$201.86,$206.88,$190.6758
09/07/2021,$199,2501178,$206.25,$209.9,$196.1
09/03/2021,$202.75,2664005,$212.05,$216.27,$198.84
09/02/2021,$213.52,1855618,$213.86,$214.8,$206.3
09/01/2021,$212.97,4453782,$224,$231.439,$208.02
08/31/2021,$218.24,3574687,$212.7,$222.3,$211.46
08/30/2021,$209.2,3309584,$205,$218.19,$203.02
08/27/2021,$204.95,3230804,$207.7,$212.9999,$200.02
08/26/2021,$205.22,6238647,$200.68,$217,$199
08/25/2021,$199.65,12861060,$206.65,$227,$193
08/24/2021,$210.29,14652210,$166.29,$225,$165.15
08/23/2021,$164.89,1343032,$162.38,$167.29,$159.55
08/20/2021,$159.3,1154858,$153.8,$160.09,$153.24
08/19/2021,$152.9,1196548,$156.77,$157.9899,$150.78
08/18/2021,$157.05,1411842,$163.25,$165.6,$156.75
08/17/2021,$163.55,1215938,$161.19,$169.48,$161.1
08/16/2021,$163.93,1574877,$161,$169.8799,$159.1601
08/13/2021,$162.52,1014751,$160.47,$163.5499,$157.4101
08/12/2021,$162.35,1319832,$159.88,$164.28,$157.33
08/11/2021,$158.78,945428,$158.43,$159.05,$154.62
08/10/2021,$159.05,1623334,$161.36,$166.8999,$155.352
08/09/2021,$161.13,2249204,$151.8,$164.71,$150.66
08/06/2021,$151.77,1352689,$154.59,$156.5,$150.31
08/05/2021,$153.44,2412123,$148,$157.6,$145.22
08/04/2021,$146.8,2393484,$152.73,$157.79,$145.691
08/03/2021,$152.75,14450620,$156.74,$158.89,$148.2
08/02/2021,$157.65,2532931,$162,$163.5899,$155.06
07/30/2021,$161.12,2377118,$165,$167.22,$158.87
07/29/2021,$164.86,2239995,$170.6,$173.89,$164.51
07/28/2021,$169.12,4100845,$175.72,$177.12,$164.27
07/27/2021,$178.54,1214775,$183,$185,$176.6601
07/26/2021,$183.94,1260593,$180.36,$186.04,$178.76
07/23/2021,$180.36,1316168,$181,$181.6,$173.84
07/22/2021,$178.85,1412988,$185.3,$187.69,$176.15
07/21/2021,$185.81,2229184,$187.79,$195.51,$182.11
07/20/2021,$191.18,3101090,$173.9,$193.6399,$172.42
07/19/2021,$173.49,2436934,$163.3,$176,$161.22
07/16/2021,$169.04,3287929,$170.15,$179.47,$166.3
07/15/2021,$166.82,4298589,$160,$171.99,$158.01
07/14/2021,$167.62,3913770,$180.49,$182.38,$165.07
07/13/2021,$180.06,2397944,$187.68,$188.79,$179
07/12/2021,$189.25,1636324,$191.42,$197.75,$187.42
07/09/2021,$191.23,1582925,$190.88,$194.78,$186.75
07/08/2021,$191.38,2857514,$179.83,$194.22,$179.5
07/07/2021,$190.66,4239500,$196,$197.5,$177.56
07/06/2021,$199.56,2768062,$204,$204.77,$193.7101
07/02/2021,$202.83,2602729,$204.8,$205.45,$196.5
07/01/2021,$204.36,2742112,$213.4,$216.83,$202
06/30/2021,$214.14,2539648,$209.69,$215.2787,$206.9379
06/29/2021,$210.88,2480009,$213.59,$215.22,$208.01
06/28/2021,$213.25,4879364,$211.25,$224.45,$210.2
06/25/2021,$209.51,12692750,$214,$214.2,$198.5
06/24/2021,$212.31,3863339,$221.156,$227.45,$211.6
06/23/2021,$219.34,3555090,$221.45,$222.57,$214.12
06/22/2021,$220.4,8200177,$217.73,$225.88,$209.17
06/21/2021,$200.37,5120186,$216.95,$218.3999,$197
06/18/2021,$213.82,4320317,$220.18,$223.49,$213
06/17/2021,$223.59,4608573,$224,$233.66,$221.48
06/16/2021,$222.97,5564827,$215.24,$228.7305,$209
06/15/2021,$222.5,7301935,$226.36,$229.25,$208
06/14/2021,$229.44,7132627,$236.5,$238.01,$219.2
06/11/2021,$233.34,15580770,$222.35,$241.13,$206.13
06/10/2021,$220.39,22980150,$282,$288,$211
06/09/2021,$302.56,13429310,$303.12,$328,$291.51
06/08/2021,$300,17439120,$292,$344.66,$281
06/07/2021,$280.01,6051490,$258,$282,$255.2001
06/04/2021,$248.36,3637515,$256.02,$265,$245.77
06/03/2021,$258.18,7999955,$265.71,$274.43,$242.1206
06/02/2021,$282.24,16019220,$248.88,$294,$244.3
06/01/2021,$249.02,9625610,$233.48,$254.98,$227.07
05/28/2021,$222,11751370,$262.97,$268.7999,$221.43
05/27/2021,$254.13,15526300,$229.8,$264,$227
05/26/2021,$242.56,21119870,$229,$248.4794,$225.55
05/25/2021,$209.43,14887460,$181,$217.11,$181
05/24/2021,$180.01,4664348,$175.85,$188.4576,$173.35
05/21/2021,$176.79,3654683,$171,$179.24,$170.33
05/20/2021,$170.49,2478168,$170.79,$174.91,$166.9
05/19/2021,$168.83,4825905,$171.99,$178.9799,$164.15
05/18/2021,$180.67,7738717,$174.54,$189.2,$168.27
05/17/2021,$180.6,7372763,$159.85,$182.5,$159
05/14/2021,$159.92,4293530,$160,$166.47,$156.22
05/13/2021,$164.5,8873487,$147.44,$169.95,$146.43
05/12/2021,$144.79,2731510,$145.7,$150.5,$142.231
05/11/2021,$146.92,4684584,$137,$150.5,$136.5
05/10/2021,$143.22,4806685,$161.31,$161.585,$143
05/07/2021,$161.11,2934624,$160.11,$167.41,$157.5001
05/06/2021,$161.01,2942802,$160.86,$164.72,$155.6
05/05/2021,$159.48,1789186,$161.83,$165.5,$158.33
05/04/2021,$160.73,4007512,$159,$161.49,$151.8
05/03/2021,$162.2,5261019,$177.49,$177.49,$159.61
04/30/2021,$173.59,4433565,$175,$183.8,$172.7
04/29/2021,$176.19,3760250,$176.56,$180.86,$170.75
04/28/2021,$178.58,5788938,$172.1,$181.98,$166.0281
04/27/2021,$177.77,8932718,$183.55,$188,$173.17
04/26/2021,$168.93,10532110,$150.98,$174.6795,$148.76
04/23/2021,$151.18,4042057,$149,$153.6598,$144.7
04/22/2021,$151.17,4345809,$159.1,$159.1,$146.86
04/21/2021,$158.51,3812845,$158.4,$162.98,$155.92
04/20/2021,$158.53,4658608,$164.14,$164.89,$153.36
04/19/2021,$164.37,10520210,$171.8,$175.2,$162.33
04/16/2021,$154.69,5214710,$156,$160.1969,$151.25
04/15/2021,$156.44,7856780,$163,$166.2546,$152.8
04/14/2021,$166.53,21138140,$143.57,$174.09,$143
04/13/2021,$140.99,6806868,$141.88,$145.3771,$132
04/12/2021,$141.09,16683600,$158.11,$163.9,$135.01
04/09/2021,$158.36,9462380,$169.7,$171.58,$153
04/08/2021,$170.26,10047390,$185.88,$185.88,$164.3
04/07/2021,$177.97,4768261,$183.22,$184.4999,$176.11
04/06/2021,$184.5,6218318,$185.21,$192,$183.56
04/05/2021,$186.95,14070490,$171.004,$195,$164.81
04/01/2021,$191.45,9334345,$193.36,$196.969,$183.6
03/31/2021,$189.82,8393834,$197.5,$199.46,$187.1102
03/30/2021,$194.46,17094920,$187.5,$204.3,$182
03/29/2021,$181.3,10042180,$180.75,$193.92,$173.51
03/26/2021,$181,37430670,$197.68,$218.9344,$163.26
03/25/2021,$183.75,50962340,$123.49,$187.5,$116.9
03/24/2021,$120.34,24177880,$157.98,$166.97,$118.62
03/23/2021,$181.75,14429150,$197.5,$201.75,$177.55
03/22/2021,$194.49,10061510,$205.26,$210.3562,$186.1952
03/19/2021,$200.27,24677300,$195.73,$227,$182.66
03/18/2021,$201.75,11799910,$214,$218.88,$195.65
03/17/2021,$209.81,16481590,$217.84,$231.47,$204
03/16/2021,$208.17,35422870,$203.16,$220.7,$172.35
03/15/2021,$220.14,24226190,$277.52,$283,$206
03/12/2021,$264.5,25845900,$274.997,$295.5,$262.27
03/11/2021,$260,28312490,$241.64,$281.5,$232.6
03/10/2021,$265,71570570,$269.43,$348.5,$172
03/09/2021,$246.9,39099330,$217.71,$249.85,$208.5101
03/08/2021,$194.5,63565620,$154.89,$210.8699,$146.1
03/05/2021,$137.74,30733670,$128.17,$151.53,$127.5
03/04/2021,$132.35,32606890,$125,$147.8699,$115.3
03/03/2021,$124.18,19273880,$122.51,$127.75,$113.12
03/02/2021,$118.18,33783040,$116.93,$133.2,$112.2
03/01/2021,$120.4,49793970,$104.54,$133.99,$99.97
02/26/2021,$101.74,92194150,$117.46,$142.9,$86
02/25/2021,$108.73,150308800,$169.56,$184.68,$101
02/24/2021,$91.71,83111740,$44.7,$91.71,$44.7
02/23/2021,$44.97,7565215,$44.97,$46.23,$40
02/22/2021,$46,19476020,$46.69,$48.51,$42.4
02/19/2021,$40.59,14828240,$41.28,$43.89,$38.5
02/18/2021,$40.69,23990560,$48.49,$48.87,$40.65
02/17/2021,$45.94,9260795,$49.77,$51.19,$44.56
02/16/2021,$49.51,8175030,$52.66,$53.5,$49.04
02/12/2021,$52.4,14573260,$50.75,$55.24,$48.05
02/11/2021,$51.1,13056730,$50.01,$55.32,$48.2201
02/10/2021,$51.2,36455040,$50.77,$62.83,$46.55
02/09/2021,$50.31,26843080,$56.61,$57,$46.52
02/08/2021,$60,25687280,$72.41,$72.66,$58.02
02/05/2021,$63.77,81345010,$54.04,$95,$51.09
02/04/2021,$53.5,62427280,$91.19,$91.5,$53.33
02/03/2021,$92.41,42698510,$112.01,$113.3999,$85.25
02/02/2021,$90,78183070,$140.76,$158,$74.2201
02/01/2021,$225,37382150,$316.56,$322,$212
01/29/2021,$325,50566060,$379.71,$413.98,$250
01/28/2021,$193.6,58815810,$265,$483,$112.25
01/27/2021,$347.51,93396670,$354.83,$380,$249
01/26/2021,$147.98,178588000,$88.56,$150,$80.2
01/25/2021,$76.79,177874000,$96.73,$159.18,$61.13
01/22/2021,$65.01,197157900,$42.59,$76.7573,$42.32
01/21/2021,$43.03,57079750,$39.23,$44.75,$37
01/20/2021,$39.12,33471790,$37.37,$41.1899,$36.06
01/19/2021,$39.36,74721920,$41.55,$45.52,$36.64
01/15/2021,$35.5,46866360,$38.49,$40.75,$34.01
01/14/2021,$39.91,93717410,$38.09,$43.06,$33.05
01/13/2021,$31.4,144501700,$20.42,$38.65,$20.03
01/12/2021,$19.95,7060665,$19.96,$20.4,$19.3168
01/11/2021,$19.94,14927610,$19.41,$20.65,$19.01
01/08/2021,$17.69,6481960,$18.18,$18.3,$17.08
01/07/2021,$18.08,6129276,$18.47,$19.45,$18.02
01/06/2021,$18.36,6056248,$17.34,$18.98,$17.33
01/05/2021,$17.37,4961457,$17.35,$18.0765,$17.23
01/04/2021,$17.25,10022470,$19,$19.1,$17.15
12/31/2020,$18.84,6922652,$19.25,$19.8,$18.8
12/30/2020,$19.26,5934391,$19.38,$20,$18.85
12/29/2020,$19.38,9241441,$20.82,$21.07,$18.56
12/28/2020,$20.99,8965858,$21.31,$21.97,$20.35
12/24/2020,$20.15,6262174,$21.01,$21.48,$19.95
12/23/2020,$20.57,25830260,$20.17,$22.3499,$19.13
12/22/2020,$19.46,30687720,$16.22,$20.04,$16.15
12/21/2020,$15.53,9876128,$15.81,$16.348,$15.28
12/18/2020,$15.63,16618780,$15.78,$16.3,$15.18
12/17/2020,$14.83,8194902,$13.96,$14.98,$13.59
12/16/2020,$13.85,5865123,$13.96,$14.305,$13.58
12/15/2020,$13.85,8192856,$12.78,$14.02,$12.48
12/14/2020,$12.72,10007090,$13.34,$13.4335,$12.14
12/11/2020,$13.31,7496868,$13.91,$14,$13.02
12/10/2020,$14.12,7558922,$13.12,$14.41,$13.05
12/09/2020,$13.66,24357940,$13.92,$14.73,$13.225
12/08/2020,$16.94,16120160,$16.37,$17.21,$15.93
12/07/2020,$16.35,7386258,$17,$17.5,$16.22
12/04/2020,$16.9,8972672,$16.3,$17.29,$16.26
12/03/2020,$16.12,6294965,$16.48,$16.64,$15.87
12/02/2020,$16.58,7883380,$15.7,$16.68,$15.38
12/01/2020,$15.8,12666030,$17.11,$17.4,$15.76
11/30/2020,$16.56,31983500,$18.17,$19.42,$16.5575
11/27/2020,$16.08,12504200,$15.29,$16.74,$14.88
11/25/2020,$14.75,8860092,$13.6,$15.25,$13.42
11/24/2020,$13.67,7186710,$14.23,$14.26,$13.3
11/23/2020,$13.9,9607973,$12.9,$14.12,$12.67
11/20/2020,$12.71,8402347,$12.55,$13.46,$12.54
11/19/2020,$12.46,11787610,$11.6,$12.79,$11.45
11/18/2020,$11.57,3169222,$11.8,$12.04,$11.56
11/17/2020,$11.63,6678176,$11.65,$11.92,$11.23
11/16/2020,$12.06,9774824,$11.16,$12.6602,$10.72
11/13/2020,$11.01,3546171,$11.36,$11.55,$11
11/12/2020,$11.13,4355892,$11.74,$11.87,$10.97
11/11/2020,$11.75,4882569,$11.5,$11.95,$11.21
11/10/2020,$11.1,3825963,$11.5,$11.66,$10.83
11/09/2020,$11.49,6244865,$12.76,$12.93,$11.25
11/06/2020,$11.86,5518243,$11.52,$12.17,$11.32
11/05/2020,$11.45,4705245,$11.27,$11.84,$11.06
11/04/2020,$10.91,5807871,$11.76,$11.7699,$10.61
11/03/2020,$11.57,7454472,$10.75,$11.86,$10.63
11/02/2020,$10.75,5227011,$10.82,$11.09,$10.5
10/30/2020,$10.47,11562370,$11.64,$11.64,$10.36
10/29/2020,$11.73,4165843,$11.88,$12.25,$11.6801
10/28/2020,$11.82,6388580,$12.27,$13.05,$11.78
10/27/2020,$12.69,7231006,$13.71,$13.71,$12.36
10/26/2020,$13.45,13376270,$14.93,$15.45,$13.26
10/23/2020,$15,6507324,$15.05,$15.38,$14.55
10/22/2020,$14.91,16212230,$14.2,$15.87,$14.19
10/21/2020,$14.1,5361928,$13.9,$14.42,$13.8
10/20/2020,$13.86,6603951,$14.03,$14.143,$13.665
10/19/2020,$13.91,13169070,$13.44,$14.5,$13.38
10/16/2020,$13.31,11651580,$13.77,$13.9,$13.08
10/15/2020,$13.83,39894820,$11.99,$15.1,$11.99
10/14/2020,$12.25,10776760,$12.67,$12.68,$12.05
10/13/2020,$11.88,10179710,$11.73,$12.42,$11.65
10/12/2020,$11.8,23655700,$11.66,$12.7662,$11.4
10/09/2020,$12.02,77152780,$12.83,$14.8,$11.9
10/08/2020,$13.49,76453560,$9.54,$13.64,$9.19
10/07/2020,$9.36,3308644,$9.23,$9.56,$9.1678
10/06/2020,$9.13,4535421,$9.56,$9.835,$9.1
10/05/2020,$9.46,2804969,$9.44,$9.59,$9.2502
10/02/2020,$9.39,4340484,$9.38,$9.78,$9.3
10/01/2020,$9.77,4554055,$10.09,$10.25,$9.69
09/30/2020,$10.2,6079033,$10.25,$10.7597,$10.06
09/29/2020,$10.35,5244339,$10,$10.65,$9.93
09/28/2020,$10.09,6764323,$10.16,$10.26,$9.55
09/25/2020,$10.02,7515157,$9.19,$10.1826,$9.1
09/24/2020,$9.14,7938838,$9.71,$9.81,$9.01
09/23/2020,$10.04,10651150,$10.6,$10.86,$9.92
09/22/2020,$10.56,34752480,$10.45,$11.1699,$9.9
09/21/2020,$8.75,7639806,$9.35,$9.6,$8.38
09/18/2020,$9.47,17407510,$9.2,$9.77,$8.91
09/17/2020,$9.2,17026720,$8.57,$9.77,$8.41
09/16/2020,$8.68,19346510,$7.03,$9.04,$7.03
09/15/2020,$7.09,5743489,$6.86,$7.26,$6.685
09/14/2020,$6.91,10118970,$6.8,$7,$6.43
09/11/2020,$6.09,6061190,$6.26,$6.33,$5.87
09/10/2020,$6.23,15558280,$6.65,$6.95,$6.19
09/09/2020,$7.35,9068082,$7.96,$7.99,$7.31
09/08/2020,$7.7,9816620,$7.55,$8.28,$7.48
09/04/2020,$7.65,7661994,$7.78,$7.92,$7.17
09/03/2020,$7.82,14344500,$7.88,$8.45,$7.24
09/02/2020,$7.71,13011110,$7.8,$8.05,$7.11
09/01/2020,$7.65,23211050,$7.3,$7.82,$6.77
08/31/2020,$6.68,37976000,$5.77,$7.15,$5.69
08/28/2020,$5.39,4236926,$5.3,$5.565,$5.215
08/27/2020,$5.25,3384658,$5.11,$5.3799,$5.02
08/26/2020,$5.11,2779664,$4.97,$5.22,$4.9199
08/25/2020,$4.98,2998678,$4.88,$5.25,$4.88
08/24/2020,$4.87,4585366,$5.1,$5.13,$4.56
08/21/2020,$5.03,10642590,$4.6,$5.6,$4.595
08/20/2020,$4.61,2441184,$4.62,$4.68,$4.51
08/19/2020,$4.72,2612583,$4.8,$4.84,$4.64
08/18/2020,$4.81,3834840,$4.61,$4.87,$4.435
08/17/2020,$4.63,2370970,$4.78,$4.78,$4.555
08/14/2020,$4.75,3474692,$4.6,$4.83,$4.545
08/13/2020,$4.64,2128313,$4.52,$4.71,$4.4966
08/12/2020,$4.52,3057594,$4.4,$4.63,$4.36
08/11/2020,$4.35,3139105,$4.43,$4.57,$4.34
08/10/2020,$4.33,4561772,$4.2,$4.57,$4.18
08/07/2020,$4.16,3341099,$4.39,$4.4,$4.06
08/06/2020,$4.43,1901224,$4.6,$4.655,$4.3801
08/05/2020,$4.63,4925697,$4.5,$4.76,$4.245
08/04/2020,$4.43,10361360,$4.13,$4.7375,$4.13
08/03/2020,$4.15,2518010,$4.03,$4.25,$3.995
07/31/2020,$4.01,1879553,$4.06,$4.16,$3.99
07/30/2020,$4.1,2398485,$4,$4.23,$3.97
07/29/2020,$4.06,2879626,$3.94,$4.18,$3.92
07/28/2020,$3.94,4555392,$3.96,$4.049,$3.92
07/27/2020,$4.01,2472696,$4.02,$4.12,$3.95
07/24/2020,$4.03,2216295,$4.06,$4.23,$4.01
07/23/2020,$4.11,3237550,$4.09,$4.305,$4.06
07/22/2020,$4.11,2523547,$4.02,$4.12,$3.92
07/21/2020,$4.01,3341012,$3.9,$4.09,$3.88
07/20/2020,$3.85,3401088,$3.95,$4.06,$3.77
07/17/2020,$3.96,3066549,$4.16,$4.23,$3.9381
07/16/2020,$4.17,1330461,$4.19,$4.2,$4.09
07/15/2020,$4.19,1474126,$4.13,$4.29,$4.13
07/14/2020,$4.08,2261589,$4.22,$4.31,$4.0725
07/13/2020,$4.26,4216265,$4.35,$4.5479,$4.26
07/10/2020,$4.34,1410828,$4.2,$4.38,$4.1843
07/09/2020,$4.21,1992621,$4.27,$4.32,$4.13
07/08/2020,$4.26,2052829,$4.1,$4.29,$4.03
07/07/2020,$4.09,2456970,$4.2,$4.2475,$4.06
07/06/2020,$4.24,2140879,$4.31,$4.34,$4.19
07/02/2020,$4.29,1887751,$4.49,$4.51,$4.29
07/01/2020,$4.44,2304101,$4.31,$4.5,$4.31
06/30/2020,$4.34,3889029,$4.33,$4.51,$4.2
06/29/2020,$4.38,2131330,$4.35,$4.52,$4.3
06/26/2020,$4.35,3801155,$4.48,$4.5,$4.27
06/25/2020,$4.46,2450936,$4.33,$4.54,$4.295
06/24/2020,$4.41,2976209,$4.83,$4.84,$4.38
06/23/2020,$4.83,3205372,$4.95,$4.99,$4.8
06/22/2020,$4.87,3178966,$4.79,$4.95,$4.715
06/19/2020,$4.88,7365867,$4.95,$5.084,$4.69
06/18/2020,$4.95,3423827,$4.67,$4.95,$4.65
06/17/2020,$4.76,3593466,$4.54,$4.831,$4.5301
06/16/2020,$4.64,3123535,$4.95,$4.95,$4.51
06/15/2020,$4.69,3910385,$4.5,$4.77,$4.42
06/12/2020,$4.72,4378192,$4.6,$4.78,$4.39
06/11/2020,$4.37,6235993,$4.64,$4.8999,$4.18
06/10/2020,$5.07,10606370,$4.78,$5.53,$4.68
06/09/2020,$4.96,8073448,$5,$5,$4.5519
06/08/2020,$5.01,10133660,$4.28,$5.1382,$4.2737
06/05/2020,$4.14,6274428,$4.29,$4.41,$4.09
06/04/2020,$4.47,3514299,$4.44,$4.72,$4.37
06/03/2020,$4.44,3037424,$4.24,$4.52,$4.2
06/02/2020,$4.18,2369780,$4.27,$4.308,$4.06
06/01/2020,$4.13,2618424,$4.12,$4.355,$4.02
05/29/2020,$4.06,3973540,$4.33,$4.42,$4.05
05/28/2020,$4.33,2184367,$4.75,$4.76,$4.3
05/27/2020,$4.69,3146603,$4.57,$4.71,$4.355
05/26/2020,$4.42,3545926,$4.34,$4.61,$4.33
05/22/2020,$4.18,2379851,$4.46,$4.49,$4.13
05/21/2020,$4.44,1971906,$4.45,$4.65,$4.4
05/20/2020,$4.43,2543609,$4.5,$4.69,$4.335
05/19/2020,$4.44,1840732,$4.58,$4.75,$4.37
05/18/2020,$4.58,2371694,$4.4,$4.63,$4.36
05/15/2020,$4.22,1940704,$4.05,$4.45,$4.041
05/14/2020,$4.13,2004868,$4.15,$4.19,$3.96
05/13/2020,$4.21,2882877,$4.54,$4.54,$4.07
05/12/2020,$4.54,2639157,$4.78,$4.92,$4.4601
05/11/2020,$4.76,1699158,$4.92,$4.959,$4.75
05/08/2020,$4.98,2353661,$4.88,$5.19,$4.82
05/07/2020,$4.87,2501195,$4.83,$4.935,$4.65
05/06/2020,$4.93,3369640,$5.4,$5.4,$4.9
05/05/2020,$5.39,2105919,$5.55,$5.63,$5.3501
05/04/2020,$5.48,4068105,$5.84,$5.93,$5.4
05/01/2020,$6.05,4005598,$5.65,$6.18,$5.45
04/30/2020,$5.73,2173530,$5.87,$5.975,$5.64
04/29/2020,$6.04,3370045,$5.83,$6.09,$5.4502
04/28/2020,$5.64,5200189,$5.92,$6.04,$5.06
04/27/2020,$5.82,7275138,$4.85,$5.99,$4.81
04/24/2020,$4.77,2236544,$4.78,$4.85,$4.66
04/23/2020,$4.7,2265853,$4.75,$4.89,$4.58
04/22/2020,$4.89,2678133,$5.14,$5.17,$4.83
04/21/2020,$4.78,4142050,$5.23,$5.3,$4.76
04/20/2020,$5.61,6085011,$4.85,$5.9,$4.78
04/17/2020,$4.88,5653188,$5.22,$5.28,$4.43
04/16/2020,$5.03,3371921,$5.12,$5.44,$4.88
04/15/2020,$5.27,7499854,$5.66,$5.67,$4.9
04/14/2020,$5.95,13506630,$5.21,$6.47,$5.14
04/13/2020,$4.74,6844501,$4.25,$4.76,$4.16
04/09/2020,$3.89,5908916,$3.6,$4.25,$3.49
04/08/2020,$3.41,2884528,$3.23,$3.6701,$3.2
04/07/2020,$3.27,2836859,$3.39,$3.4399,$3.1
04/06/2020,$3.09,3340544,$2.86,$3.2,$2.825
04/03/2020,$2.8,3830761,$2.85,$2.94,$2.57
04/02/2020,$2.85,4064339,$3.26,$3.35,$2.85
04/01/2020,$3.25,4568695,$3.45,$3.49,$3.12
03/31/2020,$3.5,2304132,$3.63,$3.8,$3.5
03/30/2020,$3.65,3350571,$4.22,$4.27,$3.65
03/27/2020,$4.22,7024763,$4.94,$5.09,$4.15
03/26/2020,$4.41,6210979,$4.24,$4.71,$4.24
03/25/2020,$4.17,3592059,$4.15,$4.49,$4.04
03/24/2020,$4.16,6805659,$3.95,$4.21,$3.8901
03/23/2020,$3.81,6009784,$3.58,$3.86,$3.5
03/20/2020,$3.76,7722194,$4.08,$4.08,$3.65
03/19/2020,$4.19,5039539,$3.71,$4.2,$3.55
03/18/2020,$3.77,3651709,$4.1,$4.25,$3.5
03/17/2020,$4.23,3562210,$4.4,$4.65,$4.11
03/16/2020,$4.37,4866696,$3.93,$4.57,$3.9
03/13/2020,$4.59,5787211,$4.13,$4.65,$3.845
03/12/2020,$3.98,5123363,$3.7,$4.04,$3.48
03/11/2020,$4.14,4414196,$4.14,$4.25,$4
03/10/2020,$4.23,4863169,$3.94,$4.26,$3.8
03/09/2020,$3.7,2732022,$3.59,$3.97,$3.5
03/06/2020,$3.92,2096803,$3.84,$4.07,$3.76
03/05/2020,$3.96,3599627,$3.7,$3.99,$3.59
03/04/2020,$3.77,4257629,$3.71,$3.83,$3.46
03/03/2020,$3.63,4282456,$3.88,$3.89,$3.5
03/02/2020,$3.83,3208428,$3.6,$3.85,$3.39
02/28/2020,$3.6,4692197,$3.34,$3.72,$3.34
02/27/2020,$3.47,3879480,$3.23,$3.625,$3.1849
02/26/2020,$3.39,4725372,$3.58,$3.62,$3.36
02/25/2020,$3.56,4447956,$3.77,$3.79,$3.55
02/24/2020,$3.7,3566289,$3.9,$3.93,$3.7
02/21/2020,$4.04,1695693,$4.12,$4.18,$3.99
02/20/2020,$4.14,1562341,$4.16,$4.295,$4.1077
02/19/2020,$4.15,2593092,$4.06,$4.27,$3.915
02/18/2020,$4.06,1467612,$4.01,$4.08,$3.96
02/14/2020,$4.02,1582660,$4.11,$4.19,$4.02
02/13/2020,$4.11,2081693,$4.12,$4.26,$4.07
02/12/2020,$4.19,4820604,$4.13,$4.51,$4.07
02/11/2020,$4.02,3415023,$3.98,$4.24,$3.95
02/10/2020,$3.94,2777042,$3.85,$4.1,$3.74
02/07/2020,$3.81,2742281,$4.11,$4.13,$3.77
02/06/2020,$4.14,1510303,$4.2,$4.3,$4.135
02/05/2020,$4.18,2641722,$4.15,$4.41,$4.14
02/04/2020,$4.07,3563061,$4.03,$4.25,$3.97
02/03/2020,$3.95,2026199,$3.88,$3.98,$3.85
01/31/2020,$3.84,2891764,$3.91,$3.94,$3.83
01/30/2020,$3.93,3006733,$4.1,$4.12,$3.88
01/29/2020,$4.13,1552557,$4.22,$4.315,$4.13
01/28/2020,$4.21,2144936,$4.3,$4.3,$4.18
01/27/2020,$4.28,2122804,$4.2,$4.35,$4.16
01/24/2020,$4.32,4163697,$4.64,$4.64,$4.25
01/23/2020,$4.62,1880214,$4.55,$4.64,$4.46
01/22/2020,$4.56,2627486,$4.55,$4.64,$4.46
01/21/2020,$4.59,3532137,$4.75,$4.75,$4.55
01/17/2020,$4.75,4019524,$4.58,$4.75,$4.51
01/16/2020,$4.62,4287065,$4.61,$4.71,$4.52
01/15/2020,$4.61,4981116,$4.66,$4.73,$4.55
01/14/2020,$4.71,12562570,$4.78,$5,$4.53
01/13/2020,$5.43,3634014,$5.43,$5.61,$5.33
01/10/2020,$5.43,2781412,$5.56,$5.6,$5.38
01/09/2020,$5.55,2643051,$5.82,$5.82,$5.48
01/08/2020,$5.72,5629445,$5.49,$5.85,$5.41
01/07/2020,$5.52,5235519,$5.77,$5.8282,$5.44
01/06/2020,$5.85,3394777,$5.8,$5.91,$5.6
01/03/2020,$5.88,3550961,$6.21,$6.25,$5.835
01/02/2020,$6.31,4430750,$6.14,$6.47,$6.07
12/31/2019,$6.08,4322610,$6.08,$6.39,$5.99
12/30/2019,$6.13,4482348,$5.88,$6.245,$5.76
12/27/2019,$5.9,11041290,$5.42,$5.98,$5.39
12/26/2019,$5.4,4266153,$5.47,$5.51,$5.245
12/24/2019,$5.44,3395510,$5.65,$5.67,$5.44
12/23/2019,$5.61,6282908,$6.05,$6.07,$5.54
12/20/2019,$5.99,5484629,$6.06,$6.22,$5.96
12/19/2019,$6.06,4451979,$6.21,$6.24,$6.025
12/18/2019,$6.16,5265606,$6.06,$6.27,$5.93
12/17/2019,$6.06,4142334,$5.5,$6.08,$5.49
12/16/2019,$5.5,4407206,$5.39,$5.59,$5.39
12/13/2019,$5.45,5439083,$5.47,$5.62,$5.235
12/12/2019,$5.58,6387374,$5.46,$5.7096,$5.41
12/11/2019,$5.53,19538910,$5.25,$5.81,$5.18
12/10/2019,$6.51,9718849,$6.29,$6.54,$6.12
12/09/2019,$6.33,6351558,$6.65,$6.92,$6.19
12/06/2019,$6.68,4757388,$6.39,$6.68,$6.39
12/05/2019,$6.4,4381413,$6.32,$6.52,$6.235
12/04/2019,$6.43,2872485,$6.17,$6.49,$6.12
12/03/2019,$6.12,2216198,$6.04,$6.18,$5.93
12/02/2019,$6.17,2060626,$6.35,$6.46,$6.09
11/29/2019,$6.34,1368983,$6.33,$6.39,$6.235
11/27/2019,$6.35,3031154,$6.1,$6.39,$6.02
11/26/2019,$6.1,2650689,$6.03,$6.26,$6.01
11/25/2019,$6.03,2744888,$5.67,$6.06,$5.63
11/22/2019,$5.66,3494050,$5.59,$5.85,$5.5
11/21/2019,$5.5,2784021,$5.46,$5.58,$5.35
11/20/2019,$5.46,2666697,$5.54,$5.54,$5.3601
11/19/2019,$5.5,3360548,$5.57,$5.66,$5.45
11/18/2019,$5.62,2995894,$5.85,$5.85,$5.61
11/15/2019,$5.88,2166051,$6,$6.01,$5.85
11/14/2019,$5.98,1708735,$5.95,$6.11,$5.9
11/13/2019,$5.94,1533919,$5.91,$5.97,$5.81
11/12/2019,$5.92,1834485,$6.03,$6.07,$5.87
11/11/2019,$6.02,3109457,$6.05,$6.09,$5.77
11/08/2019,$6.09,1968720,$6.17,$6.28,$6.05
11/07/2019,$6.22,3129283,$6.18,$6.315,$6.04
11/06/2019,$6.09,4128292,$5.9,$6.19,$5.82
11/05/2019,$5.91,3374121,$5.88,$6.2,$5.86
11/04/2019,$5.85,3670049,$5.9,$6.02,$5.77
11/01/2019,$5.84,5210355,$5.45,$6,$5.43
10/31/2019,$5.44,4358572,$5.63,$5.685,$5.31
10/30/2019,$5.73,3739543,$5.76,$5.83,$5.52
10/29/2019,$5.81,3918778,$6.21,$6.25,$5.785
10/28/2019,$6.19,2854744,$6.38,$6.49,$6.17
10/25/2019,$6.35,2645415,$6.32,$6.43,$6.25
10/24/2019,$6.42,4277374,$6.5,$6.55,$6.03
10/23/2019,$6.43,4073142,$6.33,$6.62,$6.23
10/22/2019,$6.39,4176832,$5.93,$6.44,$5.93
10/21/2019,$5.93,3611903,$5.98,$6.16,$5.82
10/18/2019,$5.94,3197108,$6.03,$6.05,$5.77
10/17/2019,$6.03,3641113,$5.89,$6.05,$5.8
10/16/2019,$5.88,3884788,$5.58,$5.91,$5.58
10/15/2019,$5.61,6351119,$5.6,$5.91,$5.59
10/14/2019,$5.58,5406311,$5.32,$5.59,$5.22
10/11/2019,$5.37,5910838,$5.14,$5.49,$5.14
10/10/2019,$5.05,5259227,$5.02,$5.15,$4.96
10/09/2019,$4.99,5865592,$5.25,$5.3,$4.96
10/08/2019,$5.23,4823410,$5.43,$5.44,$5.16
10/07/2019,$5.49,4439476,$5.48,$5.58,$5.41
10/04/2019,$5.55,4234207,$5.43,$5.56,$5.37
10/03/2019,$5.42,4437568,$5.3,$5.48,$5.23
10/02/2019,$5.32,8464988,$5.55,$5.5532,$5.24
10/01/2019,$5.58,6592949,$5.64,$5.815,$5.49
09/30/2019,$5.52,9364495,$5.43,$5.64,$5.4
09/27/2019,$5.34,5550212,$5.25,$5.45,$5.22
09/26/2019,$5.28,6108539,$5.19,$5.34,$5.08
09/25/2019,$5.2,12170030,$5.09,$5.55,$5.08
09/24/2019,$5.01,13147150,$5.14,$5.5,$4.98
09/23/2019,$5.02,12502860,$4.68,$5.2,$4.61
09/20/2019,$4.7,11629920,$4.59,$4.8,$4.5
09/19/2019,$4.44,7868144,$4.64,$4.67,$4.42
09/18/2019,$4.6,9810294,$4.33,$4.69,$4.33
09/17/2019,$4.33,6416083,$4.3,$4.34,$4.13
09/16/2019,$4.35,6761749,$4.3,$4.4675,$4.27
09/13/2019,$4.41,7662184,$4.62,$4.77,$4.37
09/12/2019,$4.58,8908741,$4.6,$4.81,$4.4332
09/11/2019,$4.59,34005010,$4.19,$4.95,$3.97
09/10/2019,$5.09,16659190,$4.87,$5.1,$4.51
09/09/2019,$4.76,14578770,$4.35,$4.92,$4.35
09/06/2019,$4.31,6701524,$4.24,$4.36,$4.14
09/05/2019,$4.23,6892086,$4.08,$4.24,$4.07
09/04/2019,$3.98,4231328,$3.88,$4,$3.85
09/03/2019,$3.81,9044430,$3.97,$4.07,$3.66
08/30/2019,$3.97,10635940,$4.26,$4.36,$3.92
08/29/2019,$4.23,13364410,$3.93,$4.29,$3.75
08/28/2019,$3.88,6449953,$3.7,$3.97,$3.67
08/27/2019,$3.7,5701244,$3.87,$3.93,$3.68
08/26/2019,$3.82,10329420,$3.72,$4.04,$3.645
08/23/2019,$3.65,8675636,$3.84,$3.9,$3.56
08/22/2019,$3.87,29191470,$3.97,$4.25,$3.72
08/21/2019,$3.54,6009223,$3.5,$3.62,$3.44
08/20/2019,$3.42,4260103,$3.35,$3.46,$3.28
08/19/2019,$3.38,2887605,$3.37,$3.47,$3.34
08/16/2019,$3.32,3130713,$3.25,$3.36,$3.21
08/15/2019,$3.21,5888392,$3.32,$3.41,$3.15
08/14/2019,$3.32,6081927,$3.39,$3.42,$3.19
08/13/2019,$3.47,4505170,$3.48,$3.76,$3.47
08/12/2019,$3.51,2677645,$3.58,$3.62,$3.44
08/09/2019,$3.59,3079375,$3.83,$3.86,$3.59
08/08/2019,$3.89,2306726,$3.84,$3.91,$3.77
08/07/2019,$3.81,5856078,$3.74,$3.845,$3.66
08/06/2019,$3.81,5157443,$3.73,$3.82,$3.63
08/05/2019,$3.71,5681751,$3.72,$3.75,$3.575
08/02/2019,$3.78,3594668,$3.83,$3.89,$3.75
08/01/2019,$3.84,5596508,$4.02,$4.06,$3.78
07/31/2019,$4.02,5208919,$4.03,$4.18,$4
07/30/2019,$4.03,5271396,$4.1,$4.13,$3.9
07/29/2019,$4.12,4327121,$4.02,$4.16,$4.02
07/26/2019,$4.01,3209020,$4,$4.08,$3.96
07/25/2019,$3.98,5789991,$4.1,$4.32,$3.97
07/24/2019,$4.08,6020613,$4.08,$4.195,$4.05
07/23/2019,$4.09,7703497,$4.15,$4.2,$3.98
07/22/2019,$4.14,5488704,$4.33,$4.4,$4.12
07/19/2019,$4.32,10946500,$4.22,$4.415,$4.22
07/18/2019,$4.2,8601213,$4.39,$4.4185,$4.12
07/17/2019,$4.38,7643148,$4.63,$4.645,$4.33
07/16/2019,$4.63,5970224,$4.76,$4.81,$4.63
07/15/2019,$4.75,3068520,$4.87,$4.89,$4.75
07/12/2019,$4.91,4392345,$4.86,$4.93,$4.805
07/11/2019,$4.84,16778250,$4.98,$5.01,$4.73
07/10/2019,$5.18,10853330,$5.35,$5.37,$5.17
07/09/2019,$5.31,11721860,$5.48,$5.55,$5.28
07/08/2019,$5.45,6592669,$5.5,$5.53,$5.42
07/05/2019,$5.52,12894650,$5.3,$5.64,$5.27
07/03/2019,$5.31,2562102,$5.41,$5.43,$5.27
07/02/2019,$5.38,5643464,$5.35,$5.45,$5.32
07/01/2019,$5.36,4325679,$5.53,$5.57,$5.34
06/28/2019,$5.47,3896355,$5.53,$5.58,$5.44
06/27/2019,$5.54,3755957,$5.46,$5.59,$5.425
06/26/2019,$5.47,3551794,$5.47,$5.52,$5.38
06/25/2019,$5.45,3085403,$5.34,$5.53,$5.32
06/24/2019,$5.37,4823326,$5.41,$5.47,$5.28
06/21/2019,$5.42,8954331,$5.52,$5.52,$5.31
06/20/2019,$5.53,3933792,$5.66,$5.69,$5.52
06/19/2019,$5.63,2973321,$5.75,$5.75,$5.61
06/18/2019,$5.73,4070383,$5.71,$5.83,$5.67
06/17/2019,$5.7,3686620,$5.63,$5.81,$5.6
06/14/2019,$5.63,5304641,$5.7,$5.825,$5.61
06/13/2019,$5.7,5840816,$5.55,$5.73,$5.485
06/12/2019,$5.5,4914298,$5.68,$5.8,$5.5
06/11/2019,$5.72,13423840,$5.53,$5.85,$5.49
06/10/2019,$5.44,18926490,$5.37,$5.55,$5.29
06/07/2019,$5.02,10591330,$5.13,$5.23,$4.985
06/06/2019,$5.13,13558020,$4.98,$5.13,$4.84
06/05/2019,$5.04,39354240,$5.49,$5.59,$4.71
06/04/2019,$7.82,10430120,$7.58,$7.85,$7.52
06/03/2019,$7.47,5229101,$7.58,$7.65,$7.42
05/31/2019,$7.58,3983240,$7.47,$7.66,$7.32
05/30/2019,$7.6,2695195,$7.57,$7.7,$7.53
05/29/2019,$7.57,4127874,$7.73,$7.75,$7.39
05/28/2019,$7.74,2732843,$7.85,$7.99,$7.74
05/24/2019,$7.82,2542140,$7.71,$7.855,$7.71
05/23/2019,$7.7,3919476,$7.84,$7.86,$7.67
05/22/2019,$7.9,4516125,$8.07,$8.08,$7.76
05/21/2019,$8.13,5697108,$8.07,$8.14,$7.89
05/20/2019,$8.06,5043577,$8.46,$8.52,$7.98
05/17/2019,$8.61,1967285,$8.54,$8.78,$8.54
05/16/2019,$8.67,1750984,$8.74,$8.84,$8.64
05/15/2019,$8.69,2253513,$8.44,$8.71,$8.44
05/14/2019,$8.53,2612858,$8.32,$8.55,$8.24
05/13/2019,$8.26,3043219,$8.33,$8.37,$8.17
05/10/2019,$8.48,2301524,$8.52,$8.58,$8.36
05/09/2019,$8.52,2339534,$8.6,$8.65,$8.4753
05/08/2019,$8.69,2062390,$8.75,$8.845,$8.65
05/07/2019,$8.77,2591581,$8.77,$8.92,$8.685
05/06/2019,$8.85,2406428,$8.85,$8.92,$8.66
05/03/2019,$8.97,2179604,$8.81,$8.99,$8.77
05/02/2019,$8.77,3117109,$8.51,$8.83,$8.51
05/01/2019,$8.51,3538954,$8.66,$8.79,$8.47
04/30/2019,$8.65,3207640,$8.8,$8.85,$8.65
04/29/2019,$8.76,2548093,$8.89,$8.9,$8.705
04/26/2019,$8.89,2306785,$8.93,$9.03,$8.88
04/25/2019,$8.95,2626993,$8.99,$9,$8.715
04/24/2019,$9.01,4101723,$8.9,$9.06,$8.89
04/23/2019,$8.89,4452329,$8.64,$8.965,$8.64
04/22/2019,$8.65,6278559,$8.75,$8.8173,$8.53
04/18/2019,$8.77,3810854,$8.86,$9.0275,$8.74
04/17/2019,$8.94,3920882,$9.11,$9.12,$8.75
04/16/2019,$9.08,4715769,$9,$9.15,$8.9473
04/15/2019,$8.94,5527393,$9.27,$9.35,$8.81
04/12/2019,$9.32,4777925,$9.79,$9.83,$9.29
04/11/2019,$9.76,2545193,$9.98,$9.98,$9.74
04/10/2019,$9.97,2807202,$9.88,$10.01,$9.875
04/09/2019,$9.82,2978475,$9.85,$10,$9.81
04/08/2019,$9.94,4549426,$9.79,$10.08,$9.73
04/05/2019,$9.86,5743589,$9.96,$10.01,$9.79
04/04/2019,$10.03,7915236,$9.74,$10.06,$9.655
04/03/2019,$9.63,26589490,$8.86,$10.03,$8.82
04/02/2019,$10.1,8486513,$10.37,$10.41,$10.09
04/01/2019,$10.37,4384184,$10.29,$10.42,$10.04
03/29/2019,$10.16,2918462,$10.21,$10.36,$10.15
03/28/2019,$10.19,3113044,$10.36,$10.49,$10.07
03/27/2019,$10.29,2577878,$10.37,$10.54,$10.25
03/26/2019,$10.35,3535009,$10.11,$10.435,$10.09
03/25/2019,$10.14,4483192,$10.46,$10.49,$10.07
03/22/2019,$10.45,3215637,$10.65,$10.66,$10.44
03/21/2019,$10.55,3199072,$10.47,$10.725,$10.35
03/20/2019,$10.5,4098801,$10.96,$10.96,$10.4
03/19/2019,$10.96,3088153,$11.07,$11.24,$10.9
03/18/2019,$11.07,2451226,$11.09,$11.17,$10.98
03/15/2019,$11.06,3537185,$10.99,$11.12,$10.9
03/14/2019,$10.95,2836600,$11.31,$11.34,$10.9
03/13/2019,$11.58,2188929,$11.54,$11.6385,$11.47
03/12/2019,$11.47,2163293,$11.28,$11.55,$11.23
03/11/2019,$11.26,2701191,$10.98,$11.28,$10.89
03/08/2019,$10.97,6171375,$11.07,$11.22,$10.75
03/07/2019,$11.59,1811388,$11.56,$11.66,$11.435
03/06/2019,$11.56,3312887,$11.66,$11.865,$11.56
03/05/2019,$11.6,5536880,$12.08,$12.1,$11.36
03/04/2019,$11.57,2216403,$11.79,$11.85,$11.47
03/01/2019,$11.75,1899199,$11.88,$12.01,$11.75
02/28/2019,$11.7,2820142,$11.69,$11.86,$11.59
02/27/2019,$11.67,3397322,$11.66,$11.93,$11.62
02/26/2019,$11.64,2157408,$11.54,$11.71,$11.5
02/25/2019,$11.55,3594483,$11.38,$11.8,$11.38
02/22/2019,$11.37,3248227,$11.02,$11.38,$11.02
02/21/2019,$11.03,2487451,$11.23,$11.29,$11.01
02/20/2019,$11.2,2959573,$11.23,$11.3,$11.15
02/19/2019,$11.2,3305096,$11.46,$11.47,$11.13
02/15/2019,$11.43,2211163,$11.33,$11.44,$11.28
02/14/2019,$11.33,2467972,$11.37,$11.42,$11.24
02/13/2019,$11.47,2132756,$11.56,$11.745,$11.38
02/12/2019,$11.55,2677401,$11.3,$11.59,$11.3
02/11/2019,$11.3,1917555,$11.38,$11.39,$11.16
02/08/2019,$11.35,1801248,$11.39,$11.49,$11.31
02/07/2019,$11.47,2006639,$11.4,$11.59,$11.225
02/06/2019,$11.51,3479494,$11.62,$11.7,$11.4
02/05/2019,$11.79,4269454,$11.36,$11.81,$11.35
02/04/2019,$11.37,4270641,$11.24,$11.48,$11
02/01/2019,$11.24,3476585,$11.31,$11.43,$11.18
01/31/2019,$11.34,6049457,$11.17,$11.53,$11.1
01/30/2019,$11.2,6145523,$11.25,$11.37,$11.11
01/29/2019,$11.28,32849320,$12.39,$12.5,$11.1101
01/28/2019,$15.5,2983869,$15.74,$15.79,$14.99
01/25/2019,$15.9,1915146,$15.96,$16.06,$15.73
01/24/2019,$15.8,1281015,$15.48,$15.8,$15.4392
01/23/2019,$15.48,1836950,$15.31,$15.57,$15.1299
01/22/2019,$15.27,3188729,$15.81,$15.9,$15.16
01/18/2019,$15.93,8543333,$16.02,$16.903,$15.88
01/17/2019,$15.77,1743004,$15.49,$15.825,$15.2992
01/16/2019,$15.68,1992649,$15.57,$15.89,$15.38
01/15/2019,$15.53,2211051,$15.6,$15.64,$15.19
01/14/2019,$15.64,3610744,$15.84,$16.14,$15.57
01/11/2019,$15.85,2419042,$15.86,$16.05,$15.765
01/10/2019,$15.96,2904810,$15.74,$16,$15.52
01/09/2019,$15.98,3554521,$15.84,$16.39,$15.72
01/08/2019,$15.81,3443767,$15.5,$15.885,$15.15
01/07/2019,$15.48,4704093,$15.11,$15.81,$14.94
01/04/2019,$15.24,11913500,$14.03,$15.29,$13.7
01/03/2019,$12.97,1738172,$12.98,$13.255,$12.69
01/02/2019,$13.07,2124193,$12.45,$13.18,$12.42
12/31/2018,$12.62,2790291,$12.33,$12.67,$12.305
12/28/2018,$12.28,2026316,$12.21,$12.49,$12.01
12/27/2018,$12.18,1834107,$12.24,$12.25,$11.63
12/26/2018,$12.4,2385236,$11.72,$12.4,$11.56
12/24/2018,$11.67,1328526,$11.97,$12.02,$11.64
12/21/2018,$11.96,4422936,$12.39,$12.68,$11.765
12/20/2018,$12.43,2671180,$12.6,$12.9373,$12.21
12/19/2018,$12.58,2425928,$12.76,$12.975,$12.523
12/18/2018,$12.73,2576206,$12.65,$13.025,$12.61
12/17/2018,$12.65,2255689,$12.66,$13.1028,$12.55
12/14/2018,$12.76,1663119,$12.69,$13,$12.69
12/13/2018,$12.79,2436562,$13.24,$13.36,$12.67
12/12/2018,$13.23,1814446,$13.06,$13.53,$12.98
12/11/2018,$12.95,2338149,$13.35,$13.4,$12.8504
12/10/2018,$13.23,2793747,$13.38,$13.44,$12.83
12/07/2018,$13.68,3402585,$13.55,$14.04,$13.5
12/06/2018,$13.56,3197174,$13.5,$13.77,$13.24
12/04/2018,$13.5,3733906,$13.99,$14.11,$13.44
12/03/2018,$13.87,4021203,$13.82,$13.98,$13.53
11/30/2018,$13.66,11900720,$12.99,$13.96,$12.8
11/29/2018,$14.63,4155032,$15.05,$15.22,$14.54
11/28/2018,$15.01,2643271,$14.72,$15.065,$14.72
11/27/2018,$14.72,4384466,$14.39,$14.97,$14.2
11/26/2018,$14.58,5903422,$13.99,$14.78,$13.9875
11/23/2018,$13.5,2691774,$13.7,$13.76,$13.16
11/21/2018,$13.71,12480830,$12.47,$14.5,$12.305
11/20/2018,$12.28,6033416,$12.6,$12.905,$12.14
11/19/2018,$13.03,3402625,$12.84,$13.16,$12.77
11/16/2018,$12.79,5675497,$12.99,$12.99,$12.45
11/15/2018,$13.13,3029873,$12.96,$13.25,$12.77
11/14/2018,$12.96,3434686,$14.09,$14.11,$12.88
11/13/2018,$13.88,2308244,$13.9,$14.175,$13.78
11/12/2018,$13.88,2399435,$14.66,$14.78,$13.86
11/09/2018,$14.64,1671536,$14.72,$14.8,$14.315
11/08/2018,$14.86,2137831,$14.9,$15.02,$14.78
11/07/2018,$14.9,2044349,$15,$15.05,$14.65
11/06/2018,$14.95,1895340,$14.95,$15.05,$14.83
11/05/2018,$14.99,1803615,$15.55,$15.56,$14.89
11/02/2018,$15.61,1665583,$15.42,$15.755,$15.19
11/01/2018,$15.35,2750365,$14.61,$15.35,$14.6
10/31/2018,$14.6,1737718,$14.81,$14.82,$14.2627
10/30/2018,$14.67,2094070,$14.57,$15.1106,$14.4
10/29/2018,$14.53,3168877,$13.84,$14.955,$13.77
10/26/2018,$13.71,2511128,$14.43,$14.43,$13.64
10/25/2018,$14.44,2274032,$15.12,$15.2,$14.28
10/24/2018,$15.07,2240712,$15.3,$15.6,$15.07
10/23/2018,$15.27,2395067,$14.99,$15.31,$14.7899
10/22/2018,$15.12,2305475,$14.82,$15.22,$14.69
10/19/2018,$14.73,3106020,$14.87,$15,$14.47
10/18/2018,$15.06,1478597,$15.3,$15.42,$14.9
10/17/2018,$15.32,1997869,$15.29,$15.48,$14.78
10/16/2018,$15.29,2040208,$14.97,$15.3,$14.7752
10/15/2018,$14.88,1500089,$14.81,$15.0699,$14.78
10/12/2018,$14.8,1927583,$14.9,$15.15,$14.7
10/11/2018,$14.66,2095969,$14.79,$15.1,$14.65
10/10/2018,$14.83,1962639,$14.81,$15.17,$14.81
10/09/2018,$14.76,2405705,$14.93,$15.4499,$14.7
10/08/2018,$14.98,2260072,$14.71,$15.19,$14.66
10/05/2018,$14.68,2323620,$14.83,$14.93,$14.58
10/04/2018,$14.82,1519570,$14.97,$15.12,$14.715
10/03/2018,$14.92,2013643,$15,$15.17,$14.75
10/02/2018,$14.87,2876647,$15.17,$15.31,$14.84
10/01/2018,$15.28,4059751,$15.28,$15.54,$14.98
09/28/2018,$15.27,2524806,$15.54,$15.8485,$15.19
09/27/2018,$15.55,2024188,$15.68,$15.75,$15.425
09/26/2018,$15.59,1901202,$16.14,$16.14,$15.535
09/25/2018,$16.02,2062536,$15.64,$16.09,$15.3
09/24/2018,$15.52,3577650,$16.42,$16.42,$15.49
09/21/2018,$16.52,3017353,$16.45,$16.75,$16.435
09/20/2018,$16.49,1604042,$16.6,$16.81,$16.45
09/19/2018,$16.6,1798236,$16.5,$16.8,$16.45
09/18/2018,$16.5,1786830,$16.42,$16.68,$16.345
09/17/2018,$16.61,2231290,$16.71,$16.86,$16.5
09/14/2018,$16.79,3005422,$16.97,$17,$16.465
09/13/2018,$17.04,3689178,$16.71,$17.04,$16.61
09/12/2018,$16.66,3395204,$16.17,$16.76,$16.17
09/11/2018,$16.16,2790633,$16,$16.6001,$16
09/10/2018,$16,2727682,$16.16,$16.35,$15.87
09/07/2018,$16.13,6795570,$15.25,$16.38,$14.76
09/06/2018,$16.14,6762319,$16.15,$16.25,$15.08
09/05/2018,$16.26,17467630,$13.97,$16.53,$13.96
09/04/2018,$14.05,5934677,$13.17,$14.1,$13.08
08/31/2018,$13.27,3723967,$13.61,$13.63,$13.18
08/30/2018,$13.58,3933439,$13.99,$13.99,$13.52
08/29/2018,$14.12,4099572,$14.14,$14.3,$13.75
08/28/2018,$14.03,6816961,$14.71,$14.75,$14
08/27/2018,$14.71,14650980,$16.47,$16.5,$14.55
08/24/2018,$16.55,4525150,$16.76,$16.8398,$16.2
08/23/2018,$16.76,3583502,$16.98,$17.21,$16.62
08/22/2018,$16.98,6602987,$16.54,$17.27,$16.51
08/21/2018,$16.49,5170701,$16,$16.57,$15.825
08/20/2018,$15.85,3606862,$15.4,$15.98,$15.35
08/17/2018,$15.33,1633257,$15.17,$15.35,$14.99
08/16/2018,$15.22,1719737,$15.54,$15.56,$15.215
08/15/2018,$15.42,2097609,$15.46,$15.495,$15.19
08/14/2018,$15.5,1953412,$15.27,$15.57,$15.195
08/13/2018,$15.21,2100947,$15.35,$15.38,$15.11
08/10/2018,$15.32,2416404,$15.18,$15.6,$15.1
08/09/2018,$15.21,2320246,$15.25,$15.46,$14.98
08/08/2018,$15.25,2178867,$15.12,$15.315,$15.01
08/07/2018,$15.12,1953429,$14.92,$15.215,$14.82
08/06/2018,$14.86,2075045,$14.88,$14.98,$14.74
08/03/2018,$14.85,2557213,$14.69,$14.9,$14.6
08/02/2018,$14.62,2297689,$14.61,$14.775,$14.41
08/01/2018,$14.73,2079695,$14.42,$14.88,$14.4
07/31/2018,$14.41,2757485,$14.72,$14.73,$14.41
07/30/2018,$14.7,1577844,$14.88,$14.98,$14.59
07/27/2018,$14.83,1414505,$14.91,$14.97,$14.55
07/26/2018,$14.81,1689190,$14.51,$15.04,$14.5
07/25/2018,$14.51,3344999,$14.69,$14.704,$14.25
07/24/2018,$14.78,1542614,$14.98,$14.98,$14.66
07/23/2018,$14.89,1833818,$15.05,$15.09,$14.78
07/20/2018,$15.08,2147851,$14.91,$15.21,$14.88
07/19/2018,$14.92,1728287,$14.58,$15.03,$14.5
07/18/2018,$14.58,2049667,$14.6,$14.65,$14.315
07/17/2018,$14.58,3045089,$15.17,$15.42,$14.54
07/16/2018,$15.22,1806513,$15.27,$15.38,$15.055
07/13/2018,$15.28,2332206,$14.99,$15.46,$14.99
07/12/2018,$15.09,1925917,$14.75,$15.12,$14.74
07/11/2018,$14.7,2287687,$14.77,$14.83,$14.46
07/10/2018,$14.86,2914910,$15.53,$15.54,$14.81
07/09/2018,$15.47,3919381,$15.57,$15.625,$15.165
07/06/2018,$15.15,4051106,$14.67,$15.23,$14.64
07/05/2018,$14.63,4719312,$14.08,$14.7,$14.04
07/03/2018,$14.05,1289301,$14.17,$14.31,$14
07/02/2018,$14.16,3711841,$14.59,$14.7,$14.03
06/29/2018,$14.57,3397450,$14.99,$15.07,$14.51
06/28/2018,$14.88,1905202,$14.59,$14.89,$14.49
06/27/2018,$14.6,2255719,$15,$15.17,$14.58
06/26/2018,$14.97,2697514,$15.19,$15.2,$14.69
06/25/2018,$15.11,2676338,$15.41,$15.72,$14.94
06/22/2018,$15.52,11884150,$15.55,$15.685,$15.11
06/21/2018,$15.53,3542542,$15.81,$15.98,$15.49
06/20/2018,$15.71,5163995,$15.78,$15.81,$15.32
06/19/2018,$15.75,10140330,$15.35,$15.76,$15.1
06/18/2018,$15.2,23773520,$13.95,$15.78,$13.37
06/15/2018,$13.96,13142700,$12.76,$14.36,$12.76
06/14/2018,$12.85,7531654,$13.3,$13.32,$12.7
06/13/2018,$13.33,8822626,$13.97,$13.97,$13.05
06/12/2018,$14.05,3380953,$14.32,$14.37,$14.05
06/11/2018,$14.29,4715555,$14.15,$14.33,$14.06
06/08/2018,$14.53,5030509,$14.53,$14.62,$14.405
06/07/2018,$14.49,3213591,$14.5,$14.65,$14.3674
06/06/2018,$14.42,5142561,$14.68,$14.69,$14.25
06/05/2018,$14.6,5690065,$14.24,$14.65,$14
06/04/2018,$14.24,7293523,$13.79,$14.25,$13.44
06/01/2018,$13.72,25823790,$12.8,$13.72,$12.79
05/31/2018,$13.2,6449597,$13.48,$13.59,$12.97
05/30/2018,$13.42,4974828,$13.1,$13.6,$12.89
05/29/2018,$13.05,4238572,$12.58,$13.11,$12.55
05/25/2018,$12.67,2438876,$12.76,$12.8,$12.58
05/24/2018,$12.74,3077023,$12.58,$12.78,$12.45
05/23/2018,$12.72,3160066,$12.54,$12.75,$12.44
05/22/2018,$12.67,4540163,$12.78,$12.91,$12.54
05/21/2018,$12.78,5065713,$12.52,$12.885,$12.49
05/18/2018,$12.46,10236620,$13.53,$13.53,$12.255
05/17/2018,$13.62,2912065,$13.5,$13.77,$13.48
05/16/2018,$13.55,6734878,$13.75,$13.88,$13.33
05/15/2018,$13.51,3789659,$13.25,$13.61,$13.23
05/14/2018,$13.26,5907362,$12.69,$13.48,$12.61
05/11/2018,$12.71,5507157,$12.6,$12.84,$12.465
05/10/2018,$13.03,3118480,$12.96,$13.2,$12.88
05/09/2018,$12.93,3752195,$12.82,$12.96,$12.61
05/08/2018,$12.79,3839037,$12.84,$12.94,$12.55
05/07/2018,$12.89,3118520,$13.02,$13.029,$12.775
05/04/2018,$13,4903439,$12.83,$13.08,$12.74
05/03/2018,$12.83,5091241,$13.42,$13.49,$12.8
05/02/2018,$13.45,3180332,$13.86,$13.87,$13.35
05/01/2018,$13.85,2409687,$13.58,$13.89,$13.47
04/30/2018,$13.65,3150719,$13.97,$14,$13.56
04/27/2018,$13.86,2500741,$13.68,$13.91,$13.6
04/26/2018,$13.67,3211823,$13.6,$13.88,$13.45
04/25/2018,$13.46,3643042,$13.35,$13.63,$13.29
04/24/2018,$13.41,3613789,$13.29,$13.64,$13.115
04/23/2018,$13.2,3693043,$12.9,$13.35,$12.9
04/20/2018,$12.88,6200714,$13.47,$13.54,$12.81
04/19/2018,$13.52,2507526,$13.66,$13.78,$13.45
04/18/2018,$13.66,3573574,$13.99,$14.03,$13.6
04/17/2018,$13.94,4289185,$13.89,$14.18,$13.84
04/16/2018,$13.81,3227720,$13.73,$13.9,$13.6
04/13/2018,$13.61,3188691,$13.73,$13.94,$13.55
04/12/2018,$13.63,3114177,$13.86,$13.87,$13.47
04/11/2018,$13.84,4283962,$13.62,$13.98,$13.6
04/10/2018,$13.68,5793317,$13.68,$13.855,$13.51
04/09/2018,$13.48,5703764,$13.51,$13.76,$13.43
04/06/2018,$13.43,4238278,$13.42,$13.66,$13.24
04/05/2018,$13.56,5140484,$13.35,$13.63,$13.27
04/04/2018,$13.34,6383118,$12.82,$13.48,$12.71
04/03/2018,$13.01,5747528,$12.64,$13.125,$12.6
04/02/2018,$12.82,11129550,$12.51,$13.28,$12.5
03/29/2018,$12.62,25457370,$12.65,$13,$12.2
03/28/2018,$14.15,7508601,$14,$14.31,$13.81
03/27/2018,$13.88,4477895,$14.07,$14.21,$13.7739
03/26/2018,$14.04,5014586,$13.7,$14.09,$13.585
03/23/2018,$13.5,3811574,$13.92,$13.94,$13.49
03/22/2018,$13.83,4441792,$13.94,$14.09,$13.59
03/21/2018,$14.02,4411045,$14.31,$14.45,$14.01
03/20/2018,$14.47,4281939,$14.82,$14.95,$14.35
03/19/2018,$14.81,3975890,$15.24,$15.41,$14.76
03/16/2018,$15.42,5082996,$15.34,$15.66,$15.315
03/15/2018,$15.31,1866968,$15.5,$15.62,$15.26
03/14/2018,$15.46,2517699,$15.72,$15.82,$15.43
03/13/2018,$15.61,2891248,$15.63,$16.005,$15.58
03/12/2018,$15.55,3878082,$15.85,$16.01,$15.5
03/09/2018,$15.85,3969883,$15.69,$15.89,$15.51
03/08/2018,$15.64,2974604,$15.95,$16.0497,$15.48
03/07/2018,$15.94,2989407,$15.85,$16.17,$15.84
03/06/2018,$16.06,2660874,$16.05,$16.17,$15.8
03/05/2018,$16.05,4236094,$15.87,$16.11,$15.68
03/02/2018,$15.93,3553903,$15.56,$15.99,$15.38
03/01/2018,$15.97,3131462,$15.79,$16.23,$15.76
02/28/2018,$15.69,4737004,$15.65,$15.95,$15.58
02/27/2018,$15.57,4473375,$16.1,$16.59,$15.57
02/26/2018,$16.08,2771245,$16,$16.0999,$15.84
02/23/2018,$15.97,2580281,$15.79,$15.99,$15.67
02/22/2018,$15.62,2452243,$15.81,$15.9283,$15.57
02/21/2018,$15.69,3031201,$15.9,$16.21,$15.66
02/20/2018,$15.86,2489767,$16.3,$16.32,$15.775
02/16/2018,$16.4,2706084,$16.52,$16.97,$16.25
02/15/2018,$16.41,2262865,$16.3,$16.5,$16.235
02/14/2018,$16.22,3215889,$15.58,$16.4,$15.53
02/13/2018,$15.58,2463431,$15.76,$15.86,$15.49
02/12/2018,$15.8,2431834,$16.29,$16.33,$15.62
02/09/2018,$16.17,5640876,$15.98,$16.33,$15.67
02/08/2018,$15.83,4286732,$16.45,$16.55,$15.76
02/07/2018,$16.47,4413087,$16.16,$16.67,$16.15
02/06/2018,$16.14,4962204,$15.36,$16.38,$15.101
02/05/2018,$15.65,4109718,$16.14,$16.22,$15.64
02/02/2018,$16.23,3252526,$16.56,$16.66,$16.22
02/01/2018,$16.66,2937099,$16.7,$17.005,$16.57
01/31/2018,$16.81,2747971,$17.14,$17.27,$16.695
01/30/2018,$17.07,1885064,$17.08,$17.22,$16.86
01/29/2018,$17.15,3153640,$17.05,$17.2,$16.801
01/26/2018,$17.06,3348554,$16.86,$17.09,$16.61
01/25/2018,$16.84,2701354,$16.98,$17.0366,$16.61
01/24/2018,$16.98,4072967,$17.4,$17.45,$16.73
01/23/2018,$17.4,3626662,$17.52,$17.569,$17.17
01/22/2018,$17.55,5234752,$18.22,$18.27,$17.47
01/19/2018,$18.13,3193925,$17.89,$18.18,$17.75
01/18/2018,$17.86,4265083,$17.47,$17.93,$17.21
01/17/2018,$17.5,4256664,$17.24,$17.71,$17.17
01/16/2018,$17.16,7849910,$18,$18.28,$17.04
01/12/2018,$17.76,15440270,$18.5,$18.54,$17.63
01/11/2018,$19.96,4213078,$19.92,$20.31,$19.77
01/10/2018,$19.68,4012799,$19.39,$19.92,$19.33
01/09/2018,$19.55,3662616,$19.31,$19.75,$19.31
01/08/2018,$19.23,3668401,$18.8,$19.4,$18.8
01/05/2018,$18.68,3018989,$18.38,$18.73,$18.22
01/04/2018,$18.32,2781341,$18.2,$18.38,$17.96
01/03/2018,$18.2,3789189,$18.29,$18.37,$17.92
01/02/2018,$18.26,2832725,$17.96,$18.29,$17.78
12/29/2017,$17.95,2063554,$18.23,$18.33,$17.94
12/28/2017,$18.17,1939399,$18.27,$18.28,$18.02
12/27/2017,$18.25,1837971,$18.51,$18.57,$18.2
12/26/2017,$18.51,3234232,$18.29,$19.18,$18.27
12/22/2017,$18.29,2085636,$18.45,$18.53,$18.25
12/21/2017,$18.45,2861763,$18.29,$18.47,$18.01
12/20/2017,$18.25,2304495,$18.53,$18.63,$18.21
12/19/2017,$18.39,2254297,$18.7,$18.8,$18.37
12/18/2017,$18.66,3206438,$18.45,$18.75,$18.4
12/15/2017,$18.34,3875195,$18.44,$18.58,$18.17
12/14/2017,$18.38,2818700,$18.81,$18.93,$18.34
12/13/2017,$18.67,3086471,$19.1,$19.16,$18.605
12/12/2017,$19.11,2533622,$19.15,$19.295,$18.96
12/11/2017,$19.07,3652774,$19.28,$19.3573,$18.67
12/08/2017,$19.2,3141318,$18.67,$19.375,$18.67
12/07/2017,$18.63,3277349,$18.99,$19.15,$18.605
12/06/2017,$19.01,2429236,$19.27,$19.35,$18.925
12/05/2017,$19.27,3080913,$19.53,$19.65,$18.95
12/04/2017,$19.4,4361274,$19.04,$19.86,$18.99
12/01/2017,$18.77,3831103,$18.73,$19.16,$18.48
11/30/2017,$18.75,5021196,$19.22,$19.3374,$18.7
11/29/2017,$19.52,6476831,$19.09,$19.69,$19.06
11/28/2017,$19.02,5880981,$18.17,$19.06,$18.17
11/27/2017,$18.17,5844477,$17.59,$18.19,$17.59
11/24/2017,$17.42,6474343,$17.43,$18.18,$17.35
11/22/2017,$17.37,20130080,$17.85,$18.7,$17.3
11/21/2017,$16.73,8919113,$16.5,$16.785,$16.26
11/20/2017,$16.44,3793835,$16.4,$16.46,$16.03
11/17/2017,$16.31,3192753,$16.31,$16.58,$16.15
11/16/2017,$16.18,4855084,$16.01,$16.79,$16.01
11/15/2017,$16,3821473,$16.08,$16.495,$15.85
11/14/2017,$16.19,3517178,$16.1,$16.38,$15.85
11/13/2017,$16.2,4374632,$16.43,$16.84,$15.91
11/10/2017,$16.43,5786834,$17.42,$17.42,$16.22
11/09/2017,$17.56,2862869,$17.14,$17.985,$17.11
11/08/2017,$17.2,2230062,$17.17,$17.29,$16.98
11/07/2017,$17.11,2843272,$17.88,$17.99,$17.07
11/06/2017,$17.83,3048994,$18.07,$18.21,$17.71
11/03/2017,$18.1,2019337,$18.5,$18.55,$18.1
11/02/2017,$18.51,2904434,$18.6,$18.6,$18.22
11/01/2017,$18.6,2488724,$18.67,$18.95,$18.53
10/31/2017,$18.69,2193762,$18.89,$19.0399,$18.59
10/30/2017,$18.77,2251662,$19.43,$19.47,$18.6
10/27/2017,$19.34,2230198,$19.4,$19.45,$18.92
10/26/2017,$19.51,2142195,$19.55,$19.74,$19.27
10/25/2017,$19.61,2578392,$19.96,$20,$19.34
10/24/2017,$19.96,1700995,$20.42,$20.48,$19.94
10/23/2017,$20.28,1703567,$20.14,$20.55,$20.14
10/20/2017,$20.13,1686249,$20.13,$20.32,$20.04
10/19/2017,$20.05,1271642,$20.01,$20.15,$19.93
10/18/2017,$20.05,1912207,$19.72,$20.09,$19.62
10/17/2017,$19.66,1251096,$19.46,$19.7,$19.35
10/16/2017,$19.41,1514720,$19.69,$19.7,$19.2
10/13/2017,$19.71,1092949,$19.64,$19.775,$19.51
10/12/2017,$19.5,1775775,$19.59,$19.69,$19.32
10/11/2017,$19.59,2308854,$20.22,$20.22,$19.46
10/10/2017,$20.23,1763174,$20.19,$20.285,$19.95
10/09/2017,$20.15,1799935,$20.07,$20.245,$19.99
10/06/2017,$20.02,1650120,$20.41,$20.49,$20.02
10/05/2017,$20.52,1146079,$20.3,$20.53,$20.22
10/04/2017,$20.25,1183801,$20.09,$20.29,$20.03
10/03/2017,$20.21,1389488,$20.5,$20.51,$20.09
10/02/2017,$20.47,1559592,$20.65,$20.68,$20.35
09/29/2017,$20.66,1565742,$20.8,$20.85,$20.52
09/28/2017,$20.79,1720933,$20.81,$20.93,$20.61
09/27/2017,$20.85,2048377,$20.78,$20.97,$20.5
09/26/2017,$20.65,2130246,$20.55,$20.77,$20.34
09/25/2017,$20.44,1158772,$20.03,$20.47,$20.01
09/22/2017,$20.01,1001075,$19.87,$20.0356,$19.86
09/21/2017,$19.89,1415746,$20,$20.19,$19.87
09/20/2017,$20.1,1215048,$20.13,$20.185,$20.005
09/19/2017,$20.19,1360576,$20.17,$20.26,$19.92
09/18/2017,$20.17,2095865,$20.39,$20.63,$20.1
09/15/2017,$20.29,2505362,$20.07,$20.44,$20
09/14/2017,$20.08,1921229,$20.06,$20.3,$19.89
09/13/2017,$20.02,1755857,$19.6,$20.04,$19.55
09/12/2017,$19.53,3347276,$19.26,$19.94,$19.21
09/11/2017,$19.2,2204542,$19.21,$19.45,$19.13
09/08/2017,$19.15,2219187,$18.85,$19.19,$18.74
09/07/2017,$18.85,2795012,$19.02,$19.34,$18.81
09/06/2017,$19.34,2919867,$19,$19.35,$18.99
09/05/2017,$18.94,2653128,$18.69,$18.96,$18.555
09/01/2017,$18.67,2344344,$18.6,$18.88,$18.6
08/31/2017,$18.5,2628857,$18.83,$18.87,$18.47
08/30/2017,$18.79,2209474,$18.75,$18.97,$18.68
08/29/2017,$18.75,4664839,$18.93,$19.07,$18.64
08/28/2017,$19.15,5216276,$19.41,$19.7,$18.96
08/25/2017,$19.4,20490310,$19.9,$19.94,$18.72
08/24/2017,$21.78,4181185,$21.75,$22.12,$21.65
08/23/2017,$21.48,2431619,$21.59,$21.82,$21.21
08/22/2017,$21.64,2473384,$21.12,$21.69,$21.09
08/21/2017,$20.98,1633567,$21.16,$21.36,$20.97
08/18/2017,$21.22,2123458,$21.05,$21.33,$20.97
08/17/2017,$21.1,1939606,$21.37,$21.66,$21
08/16/2017,$21.39,2439401,$21.12,$21.49,$21.08
08/15/2017,$20.93,3888076,$21.7,$21.77,$20.78
08/14/2017,$21.85,1532910,$21.95,$21.99,$21.715
08/11/2017,$21.76,1619257,$21.24,$21.83,$21.07
08/10/2017,$21.47,1521280,$21.91,$21.91,$21.46
08/09/2017,$22.08,1503356,$21.75,$22.12,$21.62
08/08/2017,$21.94,1423178,$22.2,$22.37,$21.9
08/07/2017,$22.17,1277593,$21.94,$22.255,$21.825
08/04/2017,$21.93,1136854,$21.78,$22.11,$21.6874
08/03/2017,$21.66,1048342,$21.32,$21.82,$21.32
08/02/2017,$21.38,1115664,$21.32,$21.62,$21.2718
08/01/2017,$21.36,3059532,$21.69,$21.69,$21.14
07/31/2017,$21.69,1371586,$21.55,$21.76,$21.41
07/28/2017,$21.5,1232896,$21.64,$21.729,$21.4
07/27/2017,$21.7,3475091,$21.09,$21.755,$21.03
07/26/2017,$21.04,1770346,$21.28,$21.3271,$20.95
07/25/2017,$21.26,2105075,$20.99,$21.37,$20.94
07/24/2017,$20.8,1584317,$20.7,$20.995,$20.65
07/21/2017,$20.78,3575892,$21.14,$21.18,$20.72
07/20/2017,$21.1,1848185,$21.3,$21.34,$21.1
07/19/2017,$21.35,972854,$21.15,$21.47,$21.06
07/18/2017,$21.09,1103197,$21.38,$21.39,$20.98
07/17/2017,$21.28,1729257,$21.03,$21.58,$20.98
07/14/2017,$21.02,1229865,$21.25,$21.3225,$20.97
07/13/2017,$21.16,1749437,$21.24,$21.43,$21.04
07/12/2017,$20.99,1087515,$21.15,$21.26,$20.98
07/11/2017,$20.96,1167654,$20.96,$21.065,$20.81
07/10/2017,$20.89,1646034,$20.89,$21.02,$20.79
07/07/2017,$20.91,1855929,$21.15,$21.28,$20.86
07/06/2017,$21.12,1508522,$21.37,$21.54,$21.07
07/05/2017,$21.51,2684170,$21.56,$21.71,$21.38
07/03/2017,$21.6,1409388,$21.77,$22,$21.56
06/30/2017,$21.61,1151129,$21.75,$21.8,$21.385
06/29/2017,$21.61,1733116,$21.56,$21.78,$21.28
06/28/2017,$21.51,3161437,$21.5,$21.76,$21.43
06/27/2017,$21.38,1747609,$21.07,$21.495,$21.04
06/26/2017,$21.13,2307172,$20.67,$21.17,$20.66
06/23/2017,$20.65,1747801,$20.47,$20.66,$20.261
06/22/2017,$20.54,4211442,$20.49,$20.785,$20.44
06/21/2017,$20.46,2194204,$20.66,$20.95,$20.29
06/20/2017,$20.64,1796184,$20.72,$20.7765,$20.47
06/19/2017,$20.8,2133708,$20.65,$20.97,$20.35
06/16/2017,$20.59,3682959,$21.12,$21.17,$20.5
06/15/2017,$21.22,2277510,$21.52,$21.65,$21.14
06/14/2017,$21.63,2478874,$21.96,$21.96,$21.25
06/13/2017,$21.98,1918268,$21.78,$22.17,$21.57
06/12/2017,$21.71,3282130,$21.94,$22.15,$21.59
06/09/2017,$22.01,2955689,$21.33,$22.085,$21.3
06/08/2017,$21.37,3616649,$22.15,$22.43,$21.33
06/07/2017,$22.04,2154974,$21.96,$22.21,$21.83
06/06/2017,$21.9,3105085,$22.25,$22.36,$21.89
06/05/2017,$22.48,1955948,$22.25,$22.57,$21.96
06/02/2017,$22.67,2347048,$22.73,$22.78,$22.35
06/01/2017,$22.78,3691006,$22.15,$22.96,$22.11
05/31/2017,$22.14,5406404,$22.64,$22.695,$21.89
05/30/2017,$22.57,5679659,$22.18,$22.93,$22.1701
05/26/2017,$22.22,14210510,$22.12,$22.41,$21.25
05/25/2017,$23.62,7635216,$23.6,$23.67,$22.73
05/24/2017,$22.71,2448856,$22.61,$22.87,$22.43
05/23/2017,$22.66,5634704,$24.37,$24.37,$22.63
05/22/2017,$24.05,2455874,$24.35,$24.5995,$24.04
05/19/2017,$24.22,2669826,$23.8,$24.305,$23.58
05/18/2017,$23.78,1747190,$23.94,$24.05,$23.52
05/17/2017,$23.84,2207712,$24.15,$24.38,$23.75
05/16/2017,$24.47,2034714,$24.33,$24.51,$23.9
05/15/2017,$24.36,2128285,$24.14,$24.68,$24.1
05/12/2017,$24.03,1820261,$24.28,$24.35,$23.78
05/11/2017,$24.35,3047698,$25.11,$25.31,$24.24
